{
  "test_losses": [
    1.9488376379013062,
    1.9458606243133545,
    1.8772249221801758,
    1.9530214071273804,
    1.9310238361358643
  ],
  "test_accuracies": [
    0.5,
    0.515625,
    0.546875,
    0.46875,
    0.484375
  ],
  "predictions": [
    7,
    8,
    8,
    8,
    3,
    7,
    9,
    4,
    8,
    7,
    9,
    8,
    0,
    7,
    8,
    8,
    7,
    8,
    3,
    9,
    7,
    9,
    8,
    5,
    8,
    8,
    8,
    7,
    7,
    8,
    5,
    8,
    9,
    0,
    7,
    7,
    7,
    8,
    0,
    0,
    7,
    9,
    9,
    8,
    4,
    8,
    3,
    7,
    7,
    7,
    4,
    0,
    8,
    7,
    8,
    4,
    8,
    9,
    8,
    8,
    8,
    3,
    8,
    4
  ],
  "confusion_data": {
    "true": [
      6,
      2,
      8,
      1,
      3,
      7,
      0,
      4,
      8,
      1,
      9,
      2,
      0,
      6,
      8,
      2,
      0,
      1,
      3,
      9,
      7,
      9,
      8,
      5,
      5,
      8,
      4,
      1,
      6,
      1,
      1,
      1,
      9,
      0,
      7,
      7,
      2,
      3,
      0,
      0,
      4,
      1,
      9,
      5,
      4,
      0,
      3,
      2,
      3,
      7,
      6,
      0,
      0,
      7,
      8,
      2,
      1,
      0,
      5,
      2,
      8,
      3,
      8,
      4
    ],
    "predicted": [
      7,
      8,
      8,
      8,
      3,
      7,
      9,
      4,
      8,
      7,
      9,
      8,
      0,
      7,
      8,
      8,
      7,
      8,
      3,
      9,
      7,
      9,
      8,
      5,
      8,
      8,
      8,
      7,
      7,
      8,
      5,
      8,
      9,
      0,
      7,
      7,
      7,
      8,
      0,
      0,
      7,
      9,
      9,
      8,
      4,
      8,
      3,
      7,
      7,
      7,
      4,
      0,
      8,
      7,
      8,
      4,
      8,
      9,
      8,
      8,
      8,
      3,
      8,
      4
    ]
  }
}