{
  "epochs": [
    1,
    2,
    3,
    4,
    5,
    6,
    7,
    8,
    9,
    10
  ],
  "losses": [
    2.3096494674682617,
    2.2610723972320557,
    2.258239984512329,
    2.218036651611328,
    2.1372902393341064,
    2.162342071533203,
    2.068953275680542,
    2.061295747756958,
    1.9763559103012085,
    1.9195616245269775
  ],
  "accuracies": [
    0.0625,
    0.265625,
    0.25,
    0.28125,
    0.4375,
    0.359375,
    0.578125,
    0.4375,
    0.546875,
    0.578125
  ],
  "learning_rates": [
    0.001,
    0.001,
    0.001,
    0.001,
    0.001,
    0.001,
    0.001,
    0.001,
    0.001,
    0.001
  ],
  "batch_times": [
    24.89185333251953,
    0.9047985076904297,
    0.621795654296875,
    0.5900859832763672,
    0.6740093231201172,
    0.5538463592529297,
    0.5550384521484375,
    0.5581378936767578,
    0.6430149078369141,
    0.5650520324707031
  ],
  "gradient_norms": [
    0.5506684832267221,
    0.5670835067326063,
    0.5742409635076284,
    0.5656793350091651,
    0.5951818204562673,
    0.5924249004273322,
    0.58777420355655,
    0.6043495819385559,
    0.6964102429581561,
    0.7860624649279877
  ]
}