{
  "layers.0.weight": {
    "shape": [
      128,
      64
    ],
    "mean": 0.0004217011737637222,
    "std": 0.07253630459308624,
    "min": -0.13392941653728485,
    "max": 0.1336718499660492,
    "norm": 6.564947128295898
  },
  "layers.0.bias": {
    "shape": [
      128
    ],
    "mean": 1.1277850717306137e-05,
    "std": 0.07405541092157364,
    "min": -0.12777535617351532,
    "max": 0.12830637395381927,
    "norm": 0.8345620632171631
  },
  "layers.1.weight": {
    "shape": [
      128,
      128
    ],
    "mean": 0.00022562948288396,
    "std": 0.051545917987823486,
    "min": -0.09747403860092163,
    "max": 0.09750976413488388,
    "norm": 6.597737789154053
  },
  "layers.1.bias": {
    "shape": [
      128
    ],
    "mean": 0.0021877316758036613,
    "std": 0.05349063128232956,
    "min": -0.09000609070062637,
    "max": 0.09658629447221756,
    "norm": 0.6033167243003845
  },
  "layers.3.weight": {
    "shape": [
      10,
      128
    ],
    "mean": 0.0005952388746663928,
    "std": 0.05195647105574608,
    "min": -0.09727619588375092,
    "max": 0.09615269303321838,
    "norm": 1.858246922492981
  },
  "layers.3.bias": {
    "shape": [
      10
    ],
    "mean": 0.021824706345796585,
    "std": 0.03589335456490517,
    "min": -0.05898343026638031,
    "max": 0.06279367208480835,
    "norm": 0.12789906561374664
  },
  "clifford_layer.weight": {
    "shape": [
      128,
      128
    ],
    "mean": 0.00011142803123220801,
    "std": 0.05173584073781967,
    "min": -0.0973421037197113,
    "max": 0.09716231375932693,
    "norm": 6.621999263763428
  },
  "clifford_layer.bias": {
    "shape": [
      128
    ],
    "mean": 0.003610815154388547,
    "std": 0.05158368870615959,
    "min": -0.0877729207277298,
    "max": 0.09196650236845016,
    "norm": 0.5827522873878479
  }
}