{
  "timestamp": "2025-10-26T18:09:50.049542",
  "test_scales": [
    1e-06,
    0.001,
    1.0,
    1000.0,
    1000000.0
  ],
  "results": {
    "scale_1e-06": {
      "gelu": {
        "input_scale": 1e-06,
        "output_mean": 1.197237420313968e-09,
        "output_std": 4.706784011432319e-07,
        "output_min": -1.407077320436656e-06,
        "output_max": 1.5090835177034023e-06,
        "all_finite": true,
        "dynamic_range": 2.9161608381400583e-06
      },
      "rmsnorm_2d": {
        "input_scale": 1e-06,
        "output_mean": 2.394315743003972e-06,
        "output_std": 0.0009413561201654375,
        "output_min": -0.0028141525108367205,
        "output_max": 0.003018164075911045,
        "all_finite": true,
        "dynamic_range": 0.005832316353917122
      }
    },
    "scale_1e-03": {
      "gelu": {
        "input_scale": 0.001,
        "output_mean": -2.338410195079632e-05,
        "output_std": 0.0004987102001905441,
        "output_min": -0.0017232786631211638,
        "output_max": 0.0013410941464826465,
        "all_finite": true,
        "dynamic_range": 0.0030643728096038103
      },
      "rmsnorm_2d": {
        "input_scale": 0.001,
        "output_mean": -0.03139708936214447,
        "output_std": 0.640561044216156,
        "output_min": -1.8791236877441406,
        "output_max": 1.8331981897354126,
        "all_finite": true,
        "dynamic_range": 3.7123217582702637
      }
    },
    "scale_1e+00": {
      "gelu": {
        "input_scale": 1.0,
        "output_mean": 0.0732385590672493,
        "output_std": 0.5836851596832275,
        "output_min": -2.158489227294922,
        "output_max": 2.2682337760925293,
        "all_finite": true,
        "dynamic_range": 4.426723003387451
      },
      "rmsnorm_2d": {
        "input_scale": 1.0,
        "output_mean": 0.013528767973184586,
        "output_std": 0.8667661547660828,
        "output_min": -2.7939651012420654,
        "output_max": 2.3386647701263428,
        "all_finite": true,
        "dynamic_range": 5.132629871368408
      }
    },
    "scale_1e+03": {
      "gelu": {
        "input_scale": 1000.0,
        "output_mean": 109.63103485107422,
        "output_std": 794.2489013671875,
        "output_min": -3163.090087890625,
        "output_max": 2839.876220703125,
        "all_finite": true,
        "dynamic_range": 6002.96630859375
      },
      "rmsnorm_2d": {
        "input_scale": 1000.0,
        "output_mean": 0.030014382675290108,
        "output_std": 0.8663516044616699,
        "output_min": -2.7515571117401123,
        "output_max": 2.6662306785583496,
        "all_finite": true,
        "dynamic_range": 5.417787551879883
      }
    },
    "scale_1e+06": {
      "gelu": {
        "input_scale": 1000000.0,
        "output_mean": 44588.65234375,
        "output_std": 706621.25,
        "output_min": -2881056.25,
        "output_max": 3253193.5,
        "all_finite": true,
        "dynamic_range": 6134250.0
      },
      "rmsnorm_2d": {
        "input_scale": 1000000.0,
        "output_mean": -0.05253370478749275,
        "output_std": 0.8652759790420532,
        "output_min": -2.921152114868164,
        "output_max": 2.4227559566497803,
        "all_finite": true,
        "dynamic_range": 5.343908309936523
      }
    }
  }
}