{
  "2d": {
    "sizes": [
      2048,
      8192,
      32768,
      131072
    ],
    "gelu_times": [
      0.007612705230712891,
      0.009739398956298828,
      0.09305000305175781,
      0.1473832130432129
    ],
    "norm_times": [
      0.04687070846557617,
      0.17776250839233398,
      0.5302000045776367,
      4.200167655944824
    ],
    "sgp_times": [
      0.029430389404296875,
      0.03897905349731445,
      0.0847315788269043,
      0.26138782501220703
    ]
  },
  "3d": {
    "sizes": [
      4096,
      16384,
      65536,
      262144
    ],
    "gelu_times": [
      0.007271766662597656,
      0.011420249938964844,
      0.1249098777770996,
      0.1494121551513672
    ],
    "norm_times": [
      0.07905006408691406,
      0.3083014488220215,
      0.9569621086120605,
      8.255178928375244
    ],
    "sgp_times": [
      0.097808837890625,
      0.13767242431640625,
      0.3232717514038086,
      1.0409903526306152
    ]
  }
}